"PackageId","GitHubRepo","CurrentVersion","LatestVersion"
"15722UsefulApp.WorkspaceLauncherForVSCode","tanchekwei/VisualStudioCodeForCommandPalette","1.17.0.0","1.22.0.0"
"1History.1History","1History/1History","0.3.3","0.3.4"
"3ll3d00d.beqdesigner","3ll3d00d/beqdesigner","1.1.8","1.1.10"
"5mdt.WinGoDarkTray","5mdt/WinGoDarkTray","2.3.0","2.3.1"
"7gxycn08.PyAutoActions","7gxycn08/PyAutoActions","1.4.0","1.4.1"
"AbdelrahmanBayoumi.Azkar","AbdelrahmanBayoumi/Azkar-App","1.2.9","1.3.0"
"abrignoni.ALEAPP","abrignoni/ALEAPP","3.3.0","3.4.0"
"abrignoni.ALEAPP-cli","abrignoni/ALEAPP","3.3.0","3.4.0"
"abrignoni.iLEAPP","abrignoni/iLEAPP","2.1.0","2.3.0"
"abrignoni.iLEAPP-cli","abrignoni/iLEAPP","2.1.0","2.3.0"
"acaudwell.Gource","acaudwell/Gource","0.53","gource-0.55"
"ActualBudget.ActualBudget","actualbudget/actual","26.1.0","26.2.0"
"Adamant.Messenger","Adamant-im/adamant-im","4.9.1","4.10.6"
"Adobe.Brackets","adobe/brackets","1.14.17770","release-1.14.2"
"AdoptOpenJDK.IcedTea-Web","AdoptOpenJDK/IcedTea-Web","1.8.8.0","icedtea-web-1.8.8"
"AdoptOpenJDK.OpenJDK.11","AdoptOpenJDK/openjdk11-binaries","11.0.11.9","jdk-11.0.9.1+1"
"AdoptOpenJDK.OpenJDK.14","AdoptOpenJDK/openjdk14-binaries","14.0.2.12","jdk-14.0.2+12_openj9-0.21.0"
"AdoptOpenJDK.OpenJDK.15","AdoptOpenJDK/openjdk15-binaries","15.0.2.7","jdk-15.0.2+7_openj9-0.24.0"
"AdoptOpenJDK.OpenJDK.16","AdoptOpenJDK/openjdk16-binaries","16.0.1.9","jdk-16.0.1+9_openj9-0.26.0"
"AdoptOpenJDK.OpenJDK.16.OpenJ9","AdoptOpenJDK/openjdk16-binaries","16.0.1.9","jdk-16.0.1+9_openj9-0.26.0"
"AdoptOpenJDK.OpenJDK.8","AdoptOpenJDK/openjdk8-binaries","8.0.292.10","jdk8u292-b10_openj9-0.26.0"
"advancedfx.HLAE","advancedfx/advancedfx","2.185.3","2.189.4"
"aelassas.Servy","aelassas/servy","6.3","6.4"
"agateau.PixelWheels","agateau/pixelwheels","1.0.0-rc.1","1.0.1"
"Ahoy.Ahoy","ahoy-cli/ahoy","2.4.0","2.5.0"
"aiclientproxy.ProxyCast","aiclientproxy/proxycast","0.60.0","0.61.0"
"AILight.AILZ80ASM","AILight/AILZ80ASM","1.0.27","1.0.31"
"Akaere.whois","Akaere-NetWorks/whois","0.3.1","0.3.3"
"alagrede.znote","alagrede/znote-app","3.2.7","3.6.0"
"albertony.npiperelay","albertony/npiperelay","1.9.1","1.9.3"
"AlDanial.Cloc","AlDanial/cloc","2.06","2.08"
"Alex313031.Thorium","Alex313031/Thorium-Win","138.0.7204.300","M138.0.7204.300"
"Alex313031.Thorium.AVX2","Alex313031/Thorium-Win","138.0.7204.300","M138.0.7204.300"
"AlexanderPro.SmartSystemMenu","AlexanderPro/SmartSystemMenu","2.31.0","2.32.1"
"AlexandreRouma.SDRPlusPlus","AlexandreRouma/SDRPlusPlus","1.0.4","nightly"
"alirezagsm.trayy","alirezagsm/Trayy","2.0","2.4.1"
"AllanChain.SaneBreak","AllanChain/sane-break","0.9.4","0.9.5"
"aloneguid.ParquetDotnet.floor","aloneguid/parquet-dotnet","5.1.1","5.5.0"
"amacneil.dbmate","amacneil/dbmate","2.27.0","2.29.5"
"amitmerchant1990.electron-markdownify","amitmerchant1990/electron-markdownify","1.1.6","1.4.1"
"AmneziaVPN.AmneziaVPN","amnezia-vpn/amnezia-client","4.8.10.0","4.8.12.9"
"amrdeveloper.gitql","AmrDeveloper/GQL","0.37.0","0.42.0"
"Amulet.Amulet","ianmaclarty/amulet","1.21.10","1.21.11"
"Anakin-bb8.NPTE","Anakin-bb8/Nuitka-GUI-NPTE","1.0.6.0","NPTE1.0.6.0"
"anatawa12.ALCOM","vrc-get/vrc-get","1.0.1","1.9.1"
"Anchor.cli","anchordotdev/cli","0.1.11","0.1.12"
"AndreaMarucci.HD2Arsenal","Orbit-Studios/hd2arsenal-release","0.30.1","0.30.2"
"AndrewCalcutt.Vistumbler","acalcutt/Vistumbler","10.8.2","10.9.2"
"angryziber.AngryIPScanner","angryip/ipscan","3.9.2","3.9.3"
"Anki.Anki","ankitects/anki","25.09","25.09.2"
"anyme123.ClaudeWorkbench","anyme123/Any-code","5.9.7","5.18.6"
"ApeCloud.kbcli","apecloud/kbcli","0.9.0","1.0.1"
"apernet.Hysteria","apernet/hysteria","2.7.0","app/v2.7.0"
"AptosCore.aptos","aptos-labs/aptos-core","7.14.2","aptos-node-v1.40.4-hotfix"
"Archeb.OpenTrace","Archeb/opentrace","1.4.4.0","1.5.1"
"arcusmaximus.YTSubConverter","arcusmaximus/YTSubConverter","1.6.3","1.6.5"
"Arelle.Arelle","Arelle/Arelle","2.38.7","2.38.10"
"aria2.aria2","aria2/aria2","1.37.0","release-1.37.0"
"ArianesLine.Ariane","Ariane-s-Line/Ariane-Release","25.3.1","26.1.2"
"Aries-Sciences-LLC.AI-Chess","Aries-Sciences-LLC/AI-Chess","0.0.1","1.0"
"armbian.imager","armbian/imager","1.2.4","1.2.7"
"ArtemChepurnyi.Keyguard","AChep/keyguard-app","2.3.4","r20260201"
"Artempyanykh.Marksman","artempyanykh/marksman","2024.12.18","2026-02-08"
"asdfjkl.JerryChess","asdfjkl/jfxchess","4.3.0","4.6.0"
"asdfjkl.YAHB","asdfjkl/yahb","1.0.9.0","1.1.0.0"
"Aserto.Topaz","aserto-dev/topaz","0.33.4","0.33.5"
"asheroto.MessagesforWeb","asheroto/MessagesForWeb","1.0.3","1.0.4"
"Audacity.Audacity","audacity/audacity","3.7.7","Audacity-3.7.7"
"Audio_Arcade.Audio_Arcade","Audio-Arcade/Audio_Arcade","3.0","3.0.0"
"Auto-Plugin.milkup","Auto-Plugin/milkup","0.4.11","Beta-v0.4.12"
"AutoHotkey.AutoHotkey","AutoHotkey/AutoHotkey","2.0.19","2.0.21"
"AutomatedLab.AutomatedLab","AutomatedLab/AutomatedLab","5.56.0","5.59.0"
"Avidemux.Avidemux","mean00/avidemux2","2.8.0.220109","2.8.1"
"awakecoding.mcp-proxy-tool","awakecoding/mcp-proxy-tool","0.1.0","0.2.0"
"axcore.tartube","axcore/tartube","2.5.100","2.5.197"
"AzaharEmulator.Azahar.MSVC","azahar-emu/azahar","2123.3","2124.3"
"AzaharEmulator.Azahar.MSYS2","azahar-emu/azahar","2123.3","2124.3"
"AzaharPlus.AzaharPlus","AzaharPlus/AzaharPlus","2122-A","AZAHAR_PLUS_2124_3_A"
"babalae.BetterGI","babalae/better-genshin-impact","0.20.0","0.56.2"
"Babashka.Babashka","babashka/babashka","1.12.207","1.12.214"
"badboy.mdbook-toc","badboy/mdbook-toc","0.14.2","0.15.3"
"BaileyBrown.cppcryptfs","bailey27/cppcryptfs","1.4.4.6","1.4.4.7"
"Balena.BalenaCLI","balena-io/balena-cli","23.2.22","23.2.30"
"Bambulab.Bambustudio","bambulab/BambuStudio","02.05.00.66","02.05.00.67"
"Basti-def.helloworld.package","Basti-def/helloworld-test","1.0","helloworld"
"bbatistadaniel.autoclicker","bbatistadaniel/Auto-Clicker","1.0","AutoClicker"
"BBC.audiowaveform","bbc/audiowaveform","1.10.1","1.10.3"
"bcssov.IronyModManager","bcssov/IronyModManager","1.26.271","1.27.149"
"bdash-app.bdash","bdash-app/bdash","1.17.1","1.31.0"
"bee-san.Ares","bee-san/Ares","0.10.0","0.11.0"
"BellSoft.LibericaNIK.22.JDK11","bell-sw/LibericaNIK","22.3.5","25.0.2+1-25.0.2+13"
"BellSoft.LibericaNIK.22.JDK11.Core","bell-sw/LibericaNIK","22.3.5","25.0.2+1-25.0.2+13"
"BellSoft.LibericaNIK.22.JDK11.Full","bell-sw/LibericaNIK","22.3.5","25.0.2+1-25.0.2+13"
"BellSoft.LibericaNIK.23.JDK17","bell-sw/LibericaNIK","23.0.5","25.0.2+1-25.0.2+13"
"BellSoft.LibericaNIK.23.JDK17.Core","bell-sw/LibericaNIK","23.0.5","25.0.2+1-25.0.2+13"
"BellSoft.LibericaNIK.23.JDK17.Full","bell-sw/LibericaNIK","23.0.5","25.0.2+1-25.0.2+13"
"BellSoft.LibericaNIK.23.JDK21","bell-sw/LibericaNIK","23.1.4","25.0.2+1-25.0.2+13"
"BellSoft.LibericaNIK.23.JDK21.Core","bell-sw/LibericaNIK","23.1.4","25.0.2+1-25.0.2+13"
"BellSoft.LibericaNIK.23.JDK21.Full","bell-sw/LibericaNIK","23.1.4","25.0.2+1-25.0.2+13"
"BellSoft.LibericaNIK.24.JDK22","bell-sw/LibericaNIK","24.0.2","25.0.2+1-25.0.2+13"
"BellSoft.LibericaNIK.24.JDK22.Full","bell-sw/LibericaNIK","24.0.2","25.0.2+1-25.0.2+13"
"benaclejames.VRCFaceTracking","benaclejames/VRCFaceTracking","5.1.1.0","5.2.3.0"
"BenjaminLSR.HandheldCompanion","Valkirie/HandheldCompanion","0.28.3.1","0.28.3.3"
"BepassOrg.OblivionDesktop","bepass-org/oblivion-desktop","0.23.15-beta","3.11.0"
"Betaflight.Betaflight-Configurator","betaflight/betaflight-configurator","10.10.0","2025.12.1"
"Bforartists.Bforartists","Bforartists/Bforartists","4.3.3","5.0.1"
"bggRGjQaUbCoE.PiliPlus","bggRGjQaUbCoE/PiliPlus","1.1.5.4","1.1.6"
"Bililive.BililiveRecorder","Bililive/BililiveRecorder","1.3.8","2.18.0"
"BillStewart.SyncthingWindowsSetup","Bill-Stewart/SyncthingWindowsSetup","2.0.0","2.0.1"
"Bin-Huang.Chatbox.CommunityEdition","chatboxai/chatbox","0.10.4","1.18.1"
"BinanceTech.Binance","binance/desktop","2.0.1","2.1.0"
"binaricat.Netcatty","binaricat/Netcatty","1.0.24","1.0.33"
"binbat.live777","binbat/live777","0.7.3","0.8.1"
"binbat.liveman","binbat/live777","0.7.3","0.8.1"
"binbat.net4mqtt","binbat/live777","0.7.3","0.8.1"
"binbat.whepfrom","binbat/live777","0.7.3","0.8.1"
"binbat.whipinto","binbat/live777","0.7.3","0.8.1"
"BiomeJS.Biome","biomejs/biome","2.3.14","@biomejs/biome@2.3.14"
"biondi53.QuickExplorer","biondi53/Quick-Explorer","0.1.6","0.1.9"
"Bisq.Bisq","bisq-network/bisq","1.9.21","1.9.22"
"Bitwarden.Bitwarden","bitwarden/clients","2026.1.0","desktop-v2026.1.0"
"Bitwarden.CLI","bitwarden/clients","2026.1.0","desktop-v2026.1.0"
"BlankSpruce.Gersemi","BlankSpruce/gersemi","0.25.1","0.25.4"
"BleuBleu.FamiStudio","BleuBleu/FamiStudio","4.3.3","4.4.4"
"BlobstStudios.bVald","Blobst/bVald","0.1.4","0.2.1"
"Bloret.BloretLauncher","BloretCrew/Bloret-Launcher","6","8.1"
"Bloret.Launcher","BloretCrew/Bloret-Launcher","6.2","8.1"
"blueberrycongee.LuminaNote","blueberrycongee/Lumina-Note","0.4.13","0.5.0"
"bluecfd.bluecfd","blueCFD/Core","2020.1.0.0","blueCFD-Core-2024-1"
"BlueJTeam.BlueJ","k-pet-group/BlueJ-Greenfoot","5.5.0","BLUEJ-RELEASE-5.5.0"
"BlueMystical.EDHM","BlueMystical/EDHM_UI","2.2.67","3.0.62"
"BlueprintFreespeech.RicochetRefresh","blueprint-freespeech/ricochet-refresh","3.0.35","3.0.40-release"
"BobdaProgrammer.slik","BobdaProgrammer/slik","1.0.1","slikApp"
"Bochs.Bochs","bochs-emu/Bochs","3.0","REL_3_0_FINAL"
"BoxHero.BoxHero","bgpworks/boxhero-electron","2.4.8","3.0.2"
"BPBible.BPBible","bpbible/bpbible","0.5.3.1","release-0.5.3.1"
"BQN.CBQN","vylsaz/cbqn-win-docker-build","0.11.0","cbqn-0.11.0"
"Braillify.Braillify","dev-five-git/braillify","1.0.11","braillify(libs/braillify/Cargo.toml)@1.0.11"
"brandonyoungdev.tldx","brandonyoungdev/tldx","1.3.0","1.3.4"
"BrechtSanders.WinLibs.MCF.UCRT","brechtsanders/winlibs_mingw","15.1.0-12.0.0-r1","15.2.0posix-13.0.0-msvcrt-r5"
"BrechtSanders.WinLibs.POSIX.MSVCRT.LLVM","brechtsanders/winlibs_mingw","14.2.0-19.1.7-12.0.0-r3","15.2.0posix-13.0.0-msvcrt-r5"
"BrechtSanders.WinLibs.POSIX.UCRT.LLVM","brechtsanders/winlibs_mingw","14.2.0-19.1.1-12.0.0-r2","15.2.0posix-13.0.0-msvcrt-r5"
"BRL-CAD.brlcad","BRL-CAD/brlcad","7.42.0","rel-7-42-0"
"bronya0.Kafka-King","Bronya0/Kafka-King","0.26","0.44"
"BrowserStackInc.Requestly","requestly/requestly-desktop-app","25.11.13","26.2.6"
"browsh.browsh","browsh-org/browsh","1.8.2","1.8.3"
"BryanCandi.BandwidthCalculator","bryancandi/WinGet-Releases","1.2.0.1","BandwidthCalculator-1.2.0"
"bsharper.ATVDesktopRemote","bsharper/atv-desktop-remote","1.4.3","2.1.0"
"BtbN.FFmpeg.GPL.5.1","BtbN/FFmpeg-Builds","5.1.6-20250131","latest"
"BtbN.FFmpeg.GPL.6.1","BtbN/FFmpeg-Builds","6.1.3-20250831","latest"
"BtbN.FFmpeg.GPL.7.1","BtbN/FFmpeg-Builds","7.1.3-20260131","latest"
"BtbN.FFmpeg.GPL.8.0","BtbN/FFmpeg-Builds","8.0.1-20260131","latest"
"BtbN.FFmpeg.GPL.Shared.5.1","BtbN/FFmpeg-Builds","5.1.6-20250131","latest"
"BtbN.FFmpeg.GPL.Shared.6.1","BtbN/FFmpeg-Builds","6.1.3-20250831","latest"
"BtbN.FFmpeg.GPL.Shared.7.1","BtbN/FFmpeg-Builds","7.1.3-20260131","latest"
"BtbN.FFmpeg.GPL.Shared.8.0","BtbN/FFmpeg-Builds","8.0.1-20251231","latest"
"BtbN.FFmpeg.LGPL.5.1","BtbN/FFmpeg-Builds","5.1.6-20250131","latest"
"BtbN.FFmpeg.LGPL.6.1","BtbN/FFmpeg-Builds","6.1.3-20250831","latest"
"BtbN.FFmpeg.LGPL.7.1","BtbN/FFmpeg-Builds","7.1.3-20260131","latest"
"BtbN.FFmpeg.LGPL.8.0","BtbN/FFmpeg-Builds","8.0.1-20260131","latest"
"BtbN.FFmpeg.LGPL.Shared.5.1","BtbN/FFmpeg-Builds","5.1.6-20241231","latest"
"BtbN.FFmpeg.LGPL.Shared.6.1","BtbN/FFmpeg-Builds","6.1.3-20250831","latest"
"BtbN.FFmpeg.LGPL.Shared.7.1","BtbN/FFmpeg-Builds","7.1.3-20260131","latest"
"BtbN.FFmpeg.LGPL.Shared.8.0","BtbN/FFmpeg-Builds","8.0.1-20260131","latest"
"btpf.Alexandria","btpf/Alexandria","0.13.1","0.13.2"
"Builtbybel.Winslop","builtbybel/Winslop","0.35","0.50.125"
"buxuku.SmartSub.CUDA.12.4","buxuku/SmartSub","2.11.0","2.11.1"
"buxuku.SmartSub.CUDA.12.4.Optimized","buxuku/SmartSub","2.10.2","2.11.1"
"ByteDance.UI-TARS","bytedance/UI-TARS-desktop","0.2.4","0.3.0"
"ByteNess.AWSVault","ByteNess/aws-vault","7.8.7","7.9.3"
"c0re100.qBittorrent-Enhanced-Edition","c0re100/qBittorrent-Enhanced-Edition","5.1.3.10","release-5.1.3.10"
"CakeWallet.CakeWallet","cake-tech/cake_wallet","5.2.0","5.8.0"
"Calibrite.PROFILER","LUMESCA/calibrite-profiler-releases","2.0.0","3.0.2"
"cameronrye.clarissa","cameronrye/clarissa","1.4.0","1.5.0"
"Camunda.Modeler","camunda/camunda-modeler","5.38.1","5.43.1"
"cangzhang.champ-r","cangzhang/champ-r","1.3.11","2.0.2-b7"
"Canonical.Multipass","canonical/multipass","1.16.0","1.16.1"
"CaprineLogic.CarePackage","depthbomb/CarePackage","4.3.1.0","4.3.7"
"Casey.Intermodal","casey/intermodal","0.1.14","0.1.15"
"CatBraaain.winconfig","CatBraaain/winconfig","0.0.2","0.0.3"
"ccccraz.cogmoteGO","Ccccraz/cogmoteGO","0.1.16","0.1.30"
"Cemu.Cemu","cemu-project/Cemu","2.5","2.6"
"cexll.codex-wrapper","cexll/myclaude","5.1.4","6.6.0"
"ch.LosslessCut","chrishuan9/LosslessCut-winget-rls","3.68.0","losslesscut-v3.68.0"
"Changepacks.Changepacks","changepacks/changepacks","0.2.4","changepacks(crates/changepacks/Cargo.toml)@0.2.16"
"Chatty.Chatty","chatty/chatty","0.27","0.28"
"ChenQingYu.BF","chen-qingyu/bf","1.1.0","1.1.1"
"ChidiWilliams.Buzz","chidiwilliams/buzz","1.2.0","1.4.3"
"chrisant996.Clink","chrisant996/clink","1.9.11","1.9.13"
"ChrisRizzitello.BlackChocobo","sithlord48/blackchocobo","1.16.0","continuous"
"ChristianHohnstadt.xca","chris2511/xca","2.9.0","RELEASE.2.9.0"
"ChurchApps.FreeShow","ChurchApps/FreeShow","1.4.7","1.5.6"
"Cinchoo.ChoEazyCopy","Cinchoo/ChoEazyCopy","2.0.0.3","2.0.0.4"
"Cisco.ClamAV","Cisco-Talos/clamav","1.5.1","clamav-1.5.1"
"ClipTeam.ClipCC.Beta","Clipteam/clipcc-desktop","3.1.2-beta2","3.1.4"
"closeio.Close","closeio/closeio-desktop-releases","9.0.5","9.0.8"
"Cloudflare.cloudflared","cloudflare/cloudflared","2025.8.1","2026.2.0"
"Cloudreve.Cloudreve","cloudreve/cloudreve","4.4.1","4.13.0"
"CNRISTI.MeshLab","cnr-isti-vclab/meshlab","2025.07","MeshLab-2025.07"
"CNRISTI.RelightLab","cnr-isti-vclab/relight","2025.12","RelightLab-2025.12"
"Cockatrice.Cockatrice","Cockatrice/Cockatrice","2.10.2","2025-04-03-Release-2.10.2"
"CodeF0x.ffzap","CodeF0x/ffzap","1.1.2","all-1.1.2"
"Coder.CoderDesktop","coder/coder-desktop-windows","0.8.1","0.8.2"
"codexu.NoteGen","codexu/note-gen","0.25.4","note-gen-v0.25.4"
"Codilime.Veles","codilime/veles","2018.05","2018.05.0.TIF"
"CollapseLauncher.Collapse","CollapseLauncher/Collapse","1.82.36","CL-v1.83.14"
"CollapseLauncher.Collapse.Preview","CollapseLauncher/Collapse","1.83.12","CL-v1.83.14"
"Coloryr.ColorMC","Coloryr/ColorMC","1.29","a36.2025.4.15-1"
"commetchat.commet","commetchat/commet","0.3.1","0.4.0"
"CondaForge.Mambaforge","conda-forge/miniforge","24.11.0-1","25.11.0-1"
"CondaForge.Mambaforge.PyPy3","conda-forge/miniforge","24.11.0-1","25.11.0-1"
"CondaForge.Miniforge3.PyPy3","conda-forge/miniforge","24.11.0-1","25.11.0-1"
"ConfluentInc.Confluent-CLI","confluentinc/cli","4.30.1","4.52.0"
"CongusBongus.CDogsSDL","cxong/cdogs-sdl","2.3.0","2.4.0"
"Containers.PodmanTUI","containers/podman-tui","1.9.0","1.10.0"
"contour-terminal.Contour","contour-terminal/contour","0.6.1.7494","0.6.2.8008"
"converse.converse","conversejs/converse-desktop","10.1.5","12.0.0"
"COPASI.COPASI","copasi/COPASI","4.44.295","Build-300"
"Coq.CoqPlatform","coq/platform","2025.1.0","2025.08.1"
"Coq.CoqPlatform.Beta","coq/platform","2025.1.0","2025.08.1"
"Core-ai.PhoenixCode","phcode-dev/phoenix-desktop","5.0.5","prod-app-v5.0.5"
"cornradio.pausemygame","cornradio/pausemygame","2.0.1","3.2-wpf"
"Corona.Solar2D","coronalabs/corona","24.0.3706","3728"
"CorsixTH.CorsixTH","CorsixTH/CorsixTH","0.69.1","0.69.2"
"cpvalente.ontime","cpvalente/ontime","3.16.1","4.4.0"
"Crate-CI.Typos","crate-ci/typos","1.34.0","1.43.3"
"Cretezy.lazyjj","Cretezy/lazyjj","0.5.0","0.6.1"
"CryptoPro.Chromium-Gost","deemru/Chromium-Gost","144.0.7559.96","144.0.7559.132"
"CryptoTrust.OnlyKeyApp","trustcrypto/OnlyKey-App","5.3.6","5.5.0"
"ctron.oidc","ctron/oidc-cli","0.6.4","0.6.6"
"CubicSDR.CubicSDR","cjcliffe/CubicSDR","0.2.5","0.2.7"
"CumulusMX.CumulusMX","cumulusmx/CumulusMX","4.6.0","b4128"
"CuteChess.CuteChess","cutechess/cutechess","1.3.1","1.4.0"
"Cyanfish.NAPS2.Prerelease","cyanfish/naps2","7.0b9","8.2.1"
"CyberIntelSystems.CICB","cyberintelsystems/cicb","2.9.11.4","2.9.11.14"
"CyberTimon.RapidRAW","CyberTimon/RapidRAW","1.4.3","1.4.12"
"D2L.BMX","Brightspace/bmx","3.2.0","3.2.1"
"danstis.rmstale","danstis/rmstale","1.18.2","1.18.23"
"darktable.darktable","darktable-org/darktable","5.4.1","release-5.4.1"
"Datadog.dd-trace-dotnet","DataDog/dd-trace-dotnet","3.27.0","3.36.0"
"DataPLANT.ArcCommander","nfdi4plants/arcCommander","1.0.0.0","1.0.2"
"davidegiacometti.EdgeFavoritesForCmdPal","davidegiacometti/CmdPal-Extensions","0.1.0","ef-0.1.0"
"davidegiacometti.VisualStudioForCmdPal","davidegiacometti/CmdPal-Extensions","0.0.3","ef-0.1.0"
"DCSS.DungeonCrawlStoneSoup","crawl/crawl","0.33.1","0.34.0"
"dechamps.FlexASIO","dechamps/FlexASIO","1.10b","flexasio-1.10b"
"Deep-Symmetry.beat-link-trigger","Deep-Symmetry/beat-link-trigger","7.4.1","8.0.0"
"DEIF.iectl","deif/iectl","0.0.5","0.0.6"
"Deminimis.MinimalFirewall","deminimis/minimalfirewall","2.6.5","2.6.6"
"Denby.Calculator","palermostest25/Calculator","4.5","Calculator"
"derceg.Explorer++","derceg/explorerplusplus","1.4.0","ersion-1.4.0"
"DeSmuMETeam.DeSmuME","TASEmulators/desmume","0.9.13","release_0_9_13"
"dev47apps.DroidCamOBSClient","dev47apps/droidcam-obs-client","7.1.0","droidcam-7.1.0"
"developersu.ns-usbloader","developersu/ns-usbloader","7.2","7.3"
"Devolutions.Jetsocat","Devolutions/devolutions-gateway","2025.3.1","2025.3.4"
"DifferentAI.OpenWork","different-ai/openwork","0.11.34","0.11.38"
"Digimezzo.Dopamine.3","digimezzo/dopamine","3.0.0-preview.32","3.0.2"
"Digimezzo.Knowte","digimezzo/knowte","3.0.0","3.0.1"
"digitalghost-dev.poke-cli","digitalghost-dev/poke-cli","1.5.2","1.8.9"
"DimonSmart.PdfCropper","DimonSmart/PdfCropper","1.0.6","1.9.0"
"Diorser.LiteMonitor","Diorser/LiteMonitor","1.2.4","1.3.3"
"DiRoots.One","DiRoots-Limited/DiRoots.One.Releases","2.5.0","2.6.2"
"Disservin.FastChess","Disservin/fast-chess","0.9.0","1.8.0-alpha"
"divVerent.AAAAXY","divVerent/aaaaxy","1.6.338","1.7.12"
"DJ7NT.WaveLogGate","wavelog/WaveLogGate","1.1.6","1.2.0"
"Dlang.VisualD","dlang/visuald","1.3.1","1.4.1"
"dlbroadfoot.bb","dlbroadfoot/bitbucket-cli","2.84.0","2.85.0"
"Dman95.SASM","Dman95/SASM","3.15.0","3.16.0"
"Docker.Buildx","docker/buildx","0.29.1","0.31.1"
"donkrage.regpack","donkrage/regpack","1.52","1.56"
"donmar.bonsai","Mario185/bonsai","0.1.9","release_0.1.9"
"DonutWare.Fladder","DonutWare/Fladder","0.8.1","0.9.0"
"DonutWare.Fladder.Nightly","DonutWare/Fladder","0.8.0","0.9.0"
"DoublOneStudios.Glucose","rudi-q/glucose_media_player","2.4.0","2.7.0"
"dpaulat.supercell-wx","dpaulat/supercell-wx","0.5.1","0.5.4-release"
"Dr-Noob.cpufetch","Dr-Noob/cpufetch","1.06","1.07"
"DrygvalArtyom.DelAfterReboot","Artyomka628/DelAfterReboot","3.0.0","4.0.0"
"DuckStudio.FufuDevTools","DuckDuckStudio/Fufu_Dev_Tools","2025.07.16.2048","2025.11.21.1628"
"Duplicati.Duplicati.Beta","duplicati/duplicati","2.1.0.3","2.2.0.3_stable_2026-01-06"
"duyxyz.PyDeploy","duyxyz/PyDeploy","1.5","App"
"dvcrn.markright","dvcrn/markright","0.1.11","1.0.0"
"Dylibso.Extism.CLI","extism/cli","1.6.2","1.6.3"
"DynamoRIO.drmemory","DynamoRIO/drmemory","2.6.20185","cronbuild-2.6.20434"
"DynamoRIO.DynamoRIO","DynamoRIO/dynamorio","11.90.20168","cronbuild-11.91.20491"
"Dyne.CJIT","dyne/cjit","0.18.1","0.18.2"
"Dystroy.broot","Canop/broot","1.54.0","1.55.0"
"dzonder.sshells","dzonder/sshells","0.1.4","0.1.5"
"EastSun5566.HackDesk","EastSun5566/hackdesk","0.0.7","hackdesk-v0.0.7"
"EclipseAdoptium.Temurin.11.JDK","adoptium/temurin11-binaries","11.0.29.7","jdk-11.0.30+7"
"EclipseAdoptium.Temurin.11.JRE","adoptium/temurin11-binaries","11.0.29.7","jdk-11.0.30+7"
"EclipseAdoptium.Temurin.16.JDK","adoptium/temurin16-binaries","16.0.2.7","jdk-16.0.2+7"
"EclipseAdoptium.Temurin.17.JDK","adoptium/temurin17-binaries","17.0.18.8","jdk-17.0.18+8"
"EclipseAdoptium.Temurin.17.JRE","adoptium/temurin17-binaries","17.0.18.8","jdk-17.0.18+8"
"EclipseAdoptium.Temurin.18.JDK","adoptium/temurin18-binaries","18.0.2.101","jdk-18.0.2.1+1"
"EclipseAdoptium.Temurin.18.JRE","adoptium/temurin18-binaries","18.0.2.101","jdk-18.0.2.1+1"
"EclipseAdoptium.Temurin.19.JDK","adoptium/temurin19-binaries","19.0.2.7","jdk-19.0.2+7"
"EclipseAdoptium.Temurin.19.JRE","adoptium/temurin19-binaries","19.0.2.7","jdk-19.0.2+7"
"EclipseAdoptium.Temurin.20.JDK","adoptium/temurin20-binaries","20.0.2.9","jdk-20.0.2+9"
"EclipseAdoptium.Temurin.20.JRE","adoptium/temurin20-binaries","20.0.2.9","jdk-20.0.2+9"
"EclipseAdoptium.Temurin.21.JDK","adoptium/temurin21-binaries","21.0.10.7","jdk-21.0.10+7"
"EclipseAdoptium.Temurin.21.JRE","adoptium/temurin21-binaries","21.0.10.7","jdk-21.0.10+7"
"EclipseAdoptium.Temurin.22.JDK","adoptium/temurin22-binaries","22.0.2.9","jdk-22.0.2+9"
"EclipseAdoptium.Temurin.22.JRE","adoptium/temurin22-binaries","22.0.2.9","jdk-22.0.2+9"
"EclipseAdoptium.Temurin.23.JDK","adoptium/temurin23-binaries","23.0.2.7","jdk-23.0.2+7"
"EclipseAdoptium.Temurin.23.JRE","adoptium/temurin23-binaries","23.0.2.7","jdk-23.0.2+7"
"EclipseAdoptium.Temurin.24.JDK","adoptium/temurin24-binaries","24.0.2.12","jdk-24.0.2+12"
"EclipseAdoptium.Temurin.24.JRE","adoptium/temurin24-binaries","24.0.2.12","jdk-24.0.2+12"
"EclipseAdoptium.Temurin.25.JDK","adoptium/temurin25-binaries","25.0.2.10","jdk-25.0.2+10"
"EclipseAdoptium.Temurin.25.JRE","adoptium/temurin25-binaries","25.0.2.10","jdk-25.0.2+10"
"EclipseAdoptium.Temurin.8.JDK","adoptium/temurin8-binaries","8.0.472.8","jdk8u482-b08"
"EclipseAdoptium.Temurin.8.JRE","adoptium/temurin8-binaries","8.0.472.8","jdk8u482-b08"
"EclipseCommunity.r3dfox","Eclipse-Community/r3dfox","146.0","147.0.1-1"
"EDCD.EliteDangerousMarketConnector","EDCD/EDMarketConnector","5.13.3","Release/6.1.2"
"EFF.Certbot","certbot/certbot","2.9.0","5.3.0"
"Eigent.Eigent","eigent-ai/eigent","0.0.80","0.0.82"
"EKA2L1.EKA2L1","EKA2L1/EKA2L1","0.0.8.2","continous"
"elbereth.DragonUnPACKer","elbereth/DragonUnPACKer","5.6.2","release-56240-exedrachac"
"electerm.electerm","electerm/electerm","2.5.16","2.6.0"
"elieserdejesus.JamTaba","elieserdejesus/JamTaba","1","2.1.16"
"ElijahLopez.MusicCaster","elibroftw/music-caster","5.23.7","5.25.2"
"EliWeitzman.ETT-Admin","eliweitzman/EnterpriseTechTool","1.2","1.3"
"Elk.Elk","elk-zone/elk-native","0.4.0","elk-native-v0.4.0"
"eloston.ungoogled-chromium","ungoogled-software/ungoogled-chromium-windows","144.0.7559.109","144.0.7559.132-1.1"
"ElyPrismLauncher.ElyPrismLauncher","ElyPrismLauncher/ElyPrismLauncher","9.5","10.0.2"
"emuell.restic-browser","emuell/restic-browser","0.3.2","0.3.3"
"eMule.eMule.community","irwir/eMule","0.70b","eMule_v0.70b-community"
"EnCroissant.EnCroissant","franciscoBSalgueiro/en-croissant","0.11.1","0.13.0"
"EndlessSky.EndlessSky","endless-sky/endless-sky","0.10.14","0.10.16"
"ENIAC-Tech.FlexDesigner","ENIAC-Tech/FlexDesigner","1.2.0","2.1.0"
"EnsoAnalytics.Enso","enso-org/enso","2025.3.1","2025.3.3"
"ente-io.auth-desktop","ente-io/ente","4.4.15","photos-v1.3.10"
"ente-io.ente.CLI","ente-io/ente","0.2.3","photos-v1.3.10"
"ErikAraojo.FintX","namigop/FintX","2.2.0","rel-v3.3"
"erikbra.grate","erikbra/grate","1.8.0","2.0.0"
"Erlang.ErlangOTP","erlang/otp","28.3.1","OTP-27.3.4.7"
"Ethersphere.Swarm-Desktop","ethersphere/swarm-desktop","0.49.0","0.52.0"
"EugeneZrazhevsky.WeblocOpener","benchdoos/WeblocOpener","2.0.2","2.0.2.0"
"evansmurithi.cloak","evansmurithi/cloak","0.2.0","0.3.0"
"EVEMonDevelopmentTeam.EVEMon","mgoeppner/evemon","4.2.2","5.0.0-preview-3"
"Everless321.dYm","Everless321/dYm","1.1.9","1.2.3"
"Exelearning.Exelearning","exelearning/exelearning","3.0.1","3.0.2"
"Exercism.CLI","exercism/cli","3.5.7","3.5.8"
"Exoscale.CLI","exoscale/cli","1.85.3","1.92.0"
"ExpressLRS.ExpressLRS-Configurator","ExpressLRS/ExpressLRS-Configurator","1.7.7","1.7.11"
"f3d-app.f3d","f3d-app/f3d","3.3.0","3.4.1"
"f4exb.sdrangel","f4exb/sdrangel","7.23.0","7.23.1"
"facebook.watchman","facebook/watchman","2025.02.24.00","2026.02.02.00"
"FajoX1.FAgramDesktop","FajoX1/fagramdesktop","1.1.8","1.1.10"
"Faradey.Proga-CMD","Faradey1751V2/proga_cmd_ui","10.6","proga_cmd_V-10.8"
"Faster3ck.Converseen","Faster3ck/Converseen","0.15.1.2","0.15.1.3"
"FelipeSantos.ClipboardSync","felipecrs/clipboard-sync","0.16.4","0.16.8"
"Ferdium.Ferdium.Beta","ferdium/ferdium-app","6.4.1-beta.2","7.1.1"
"FernandoMaclen.Hollama","fmaclen/hollama","0.35.1","0.35.4"
"fifty-six.Scarab","fifty-six/Scarab","2.6.0.0","2.7.0.0"
"fio.fio","axboe/fio","3.41","fio-3.41"
"FirebirdProject.Firebird.3","FirebirdSQL/firebird","3.0.13.33818","5.0.3"
"FirebirdProject.Firebird.4","FirebirdSQL/firebird","4.0.6.3221","5.0.3"
"Firefox2000000.MoonscraperChartEditor","FireFox2000000/Moonscraper-Chart-Editor","1.5.11","1.5.12"
"Firezone.Client.GUI","firezone/firezone","1.5.9","gui-client-1.5.10"
"Firezone.Client.Headless","firezone/firezone","1.5.6","gui-client-1.5.10"
"Fishstrap.Fishstrap","fishstrap/fishstrap","3.0.1.0","3.0.2"
"Fission.Fission.CLI","fission/fission","1.21.0","1.22.0"
"FlaUI.FlaUInspect","FlaUI/FlaUInspect","1.3.0","3.0.0"
"Fleet.fleetctl","fleetdm/fleet","4.80.1","fleet-v4.80.1"
"FleetingClarityStudios.QuickFixMyPic","Echostorm44/QuickFixMyPic","1.0.3","1.0.3.0"
"Fleex255.PolicyPlus","Fleex255/PolicyPlus","1.0.0.0","October2025"
"Flowify.Flowify","naplon74/flowify-music-player","0.0.4","0.0.5"
"ForgQi.biliup-app","biliup/biliup-app","0.6.7","app-v0.6.7"
"fosslife.truthy","fosslife/truthy","1.1.0","app-v1.1.0"
"FredEmmott.HandTrackedCockpitClicking","fredemmott/HTCC","1.2.0","1.6.0"
"freifunkMUC.FreifunkMeet","freifunkMUC/jitsi-meet-electron","2025.1.1","2025.10.1"
"Friction.Friction","friction2d/friction","0.9.6.1","1.0.0-rc.3"
"FrostWire.FrostWire","frostwire/frostwire","6.12.0.318","frostwire-android-3.0.15-build-769"
"FSFhu.Hunspell","mlt/hunspell","1.7.0","tst"
"fsprojects.Paket","fsprojects/Paket","9.0.2.0","10.3.1"
"fstl.fstl","fstl-app/fstl","0.11.0","0.11.1"
"fupdec.mediaChips","fupdec/mediaChips","0.12.4","0.12.5-beta"
"futrime.lip","futrime/lip","0.31.0","0.32.0"
"G0rocks.DesktopShortcutRemover","G0rocks/desktop_shortcut_remover","1.0.0","1.1.0"
"GAM-Team.gam","GAM-team/GAM","7.33.01","7.33.02"
"GAM-Team.GotYourBack","GAM-team/got-your-back","1.90","1.95"
"GarboMuffin.TurboWarp","TurboWarp/desktop","1.15.1","1.15.2"
"Gauge.Gauge","getgauge/gauge","1.6.18","1.6.22"
"Gawindx.WinNUT","gawindx/WinNUT-Client","2.0.7722","2.0.7722.30975"
"GeoDa.GeoDa","GeoDaCenter/geoda","1.22","1.22.0.21"
"GianlucaPernigotto.Videomass","jeanslack/Videomass","3.5.8","6.1.20"
"gilbertchen.duplicacy.cli","gilbertchen/duplicacy","3.2.4","3.2.5"
"gileli121.windowtop","WindowTop/WindowTop-App","5.28.6","5.29"
"Gilgamech.MoarShopBot","Gilgamech/MoarShopBot","1.1552","1.1555"
"Giorgiotani.Peazip","peazip/PeaZip","10.8.0","10.9.0"
"Git.GCM","git-ecosystem/git-credential-manager","2.6.1","2.7.0"
"Git.Git","git-for-windows/git","2.53.0","2.53.0.windows.1"
"Git.Git.PreRelease","git-for-windows/git","2.52.0-rc2","2.53.0.windows.1"
"Git.MinGit","git-for-windows/git","2.53.0","2.53.0.windows.1"
"Git.MinGit.BusyBox","git-for-windows/git","2.52.0","2.53.0.windows.1"
"Git.SDK","git-for-windows/build-extra","1.0.8","git-sdk-1.0.8"
"GitHub.Copilot","github/copilot-cli","0.0.368","0.0.406"
"GitHub.Copilot.Prerelease","github/copilot-cli","0.0.367-0","0.0.406"
"GitHub.GitHubDesktop.Beta","desktop/desktop","3.5.5-beta2","release-3.5.4"
"GitTower.GitFlowNext","gittower/git-flow-next","0.1.1","1.0.0"
"Giuspen.Cherrytree","giuspen/cherrytree","1.6.2","1.6.3"
"Gluon.SceneBuilder","gluonhq/scenebuilder","24.0.1","25.0.0"
"GlyphrStudio.Desktop","glyphr-studio/Glyphr-Studio-Desktop","0.5.6","0.6.0"
"GNU.Wget2","rockdaboot/wget2","2.1.0","2.2.1"
"goatcorp.XIVLauncher","goatcorp/FFXIVQuickLauncher","6.4.1","7.0.20"
"GoHarbor.Harbor","goharbor/harbor-cli","0.0.8","0.0.16"
"Google.ContainerTools.Skaffold","GoogleContainerTools/skaffold","2.17.0","2.17.1"
"Google.Magika","google/magika","1.0.1","python-v1.0.1"
"Google.Protobuf","protocolbuffers/protobuf","33.4","33.5"
"goplus.gop","goplus/gop","1.4.6","1.6.2"
"goplus.xgo","goplus/xgo","1.5.0","1.6.2"
"Gouryella.Drip","Gouryella/drip","0.6.3","0.7.4"
"GPBeta.SAOUtils.Exp","NERvGear/SAO-Utils","0.5.2.12300","1.2.1"
"GrafanaLabs.k6Studio","grafana/k6-studio","1.6.0","1.11.0"
"Grain.Grain","grain-lang/grain","0.7.1","grain-v0.7.2"
"Gramps.Gramps","gramps-project/gramps","6.0.0","6.0.6"
"grapplerobotics.GrappleHook","GrappleRobotics/GrappleHook","25.0.5","26.0.2"
"Greenshot.Greenshot.Preview","greenshot/greenshot","1.3.277","1.3.312"
"Gridcoin.Client","gridcoin-community/Gridcoin-Research","5.4.9","5.4.9.0"
"GristLabs.GristDesktop","gristlabs/grist-desktop","0.2.9","0.3.9"
"GuillaumeRyder.Clavier+","guilryder/clavier-plus","11.4.1","release11.4.1"
"H2IK.JoystickGremlin","WhiteMagic/JoystickGremlin","13.1.0","Release_14"
"HaiYing.AionUi","iOfficeAI/AionUi","1.8.3","1.8.4"
"HamsterBase.HamsterBase.Server","hamsterbase/hamsterbase","0.7.3","0.15.0"
"HandyOrg.HandyWinget-GUI","HandyOrg/HandyWinGet","3.2.2.0","4.0.0-beta.1"
"Hans5958.Domino","Hans5958/Domino-English-Translation","144","en.4"
"Harmonoid.Harmonoid","alexmercerind2/harmonoid-releases","0.3.8.0","0.3.22"
"Headwindsim.HeadwindInstaller","headwindsim/installer","1.6.3","2.0.1"
"HearthSim.HearthstoneDeckTracker","HearthSim/HDT-Releases","1.47.4","1.49.4"
"HeidiSQL.HeidiSQL","HeidiSQL/HeidiSQL","12.15.0.7171","12.15.1.1"
"Hermithic.aiask","Hermithic/aiask","1.0.0","2.0.1"
"HeroicGamesLauncher.GOGDL","Heroic-Games-Launcher/heroic-gogdl","1.1.2","1.2.1"
"HeroicGamesLauncher.HeroicGamesLauncher","Heroic-Games-Launcher/HeroicGamesLauncher","2.18.1","2.19.1"
"heStudioCommunity.APKSignerGUI(Machine-MSI)","hestudio-community/apksigner-gui","1.4.1","1.5.1"
"hfiref0x.WinObjEx64","hfiref0x/WinObjEx64","2.0.7","2.0.9"
"hikari-no-yume.touchHLE","touchHLE/touchHLE","0.2.2","0.2.3"
"HinTak.Font-Validator","HinTak/Font-Validator","2.1.5","FontVal-2.1.6"
"HiroSystems.Chainhook","hirosystems/chainhook","1.8.0","1.9.0"
"HiroSystems.Clarinet","hirosystems/clarinet","3.8.1","3.13.1"
"HiToysMaker.fontplayer","HiToysMaker/fontplayer","0.2.0","0.4.1"
"hmatuschek.kochmorse","hmatuschek/kochmorse","3.5.0","3.5.1"
"HolographicHat.YaeAchievement","HolographicHat/Yae","5.7.1","5.7.3"
"HorizonEDA.horizon-eda","horizon-eda/horizon","2.7.0","2.7.2"
"hrkfdn.ncspot","hrkfdn/ncspot","1.3.2","1.3.3"
"hrzlgnm.mdns-browser","hrzlgnm/mdns-browser","1.3.1","mdns-browser-v1.3.2"
"hufrea.byedpi","hufrea/byedpi","0.16.6","0.17.3"
"HuggingFace.Git-Xet","huggingface/xet-core","0.2.0","1.2.0"
"Hugo.Hugo.Deploy","gohugoio/hugo","0.150.0","0.155.3"
"Hugo.Hugo.Extended","gohugoio/hugo","0.155.2","0.155.3"
"Humanity.DJV2","darbyjohnston/DJV","2.0.8","3.3.3"
"HunterPie.HunterPie","HunterPie/HunterPie","2.12.1.86","2.13.1.893"
"IBM.Semeru.11.JDK","ibmruntimes/semeru11-binaries","11.0.30.7","jdk-11.0.30+7_openj9-0.57.0"
"IBM.Semeru.11.JRE","ibmruntimes/semeru11-binaries","11.0.30.7","jdk-11.0.30+7_openj9-0.57.0"
"IBM.Semeru.16.JDK","ibmruntimes/semeru11-binaries","11.0.23.9","jdk-11.0.30+7_openj9-0.57.0"
"IBM.Semeru.16.JRE","ibmruntimes/semeru11-binaries","11.0.23.9","jdk-11.0.30+7_openj9-0.57.0"
"IBM.Semeru.17.JDK","ibmruntimes/semeru17-binaries","17.0.18.8","jdk-17.0.18+8_openj9-0.57.0"
"IBM.Semeru.17.JRE","ibmruntimes/semeru17-binaries","17.0.18.8","jdk-17.0.18+8_openj9-0.57.0"
"IBM.Semeru.18.JDK","ibmruntimes/semeru18-binaries","18.0.2.9","jdk-18.0.2+9_openj9-0.33.1"
"IBM.Semeru.18.JRE","ibmruntimes/semeru18-binaries","18.0.2.9","jdk-18.0.2+9_openj9-0.33.1"
"IBM.Semeru.19.JDK","ibmruntimes/semeru19-binaries","19.0.2.7","jdk-19.0.2+7_openj9-0.37.0"
"IBM.Semeru.19.JRE","ibmruntimes/semeru19-binaries","19.0.2.7","jdk-19.0.2+7_openj9-0.37.0"
"IBM.Semeru.20.JDK","ibmruntimes/semeru20-binaries","20.0.2.9","jdk-20.0.2+9_openj9-0.40.0"
"IBM.Semeru.20.JRE","ibmruntimes/semeru20-binaries","20.0.2.9","jdk-20.0.2+9_openj9-0.40.0"
"IBM.Semeru.21.JDK","ibmruntimes/semeru21-binaries","21.0.10.7","jdk-21.0.10+7_openj9-0.57.0"
"IBM.Semeru.21.JRE","ibmruntimes/semeru21-binaries","21.0.10.7","jdk-21.0.10+7_openj9-0.57.0"
"IBM.Semeru.22.JDK","ibmruntimes/semeru22-binaries","22.0.2.9","jdk-22.0.2+9_openj9-0.46.1"
"IBM.Semeru.22.JRE","ibmruntimes/semeru22-binaries","22.0.2.9","jdk-22.0.2+9_openj9-0.46.1"
"IBM.Semeru.23.JDK","ibmruntimes/semeru23-binaries","23.0.2.7","jdk-23.0.2+7_openj9-0.49.0"
"IBM.Semeru.23.JRE","ibmruntimes/semeru23-binaries","23.0.2.7","jdk-23.0.2+7_openj9-0.49.0"
"IBM.Semeru.24.JDK","ibmruntimes/semeru24-binaries","24.0.2.12","jdk-24.0.2+12_openj9-0.54.0"
"IBM.Semeru.24.JRE","ibmruntimes/semeru24-binaries","24.0.2.12","jdk-24.0.2+12_openj9-0.54.0"
"IBM.Semeru.25.JDK","ibmruntimes/semeru25-binaries","25.0.2.10","jdk-25.0.2+10_openj9-0.57.0"
"IBM.Semeru.25.JRE","ibmruntimes/semeru25-binaries","25.0.2.10","jdk-25.0.2+10_openj9-0.57.0"
"IBM.Semeru.8.JDK","ibmruntimes/semeru8-binaries","8.0.482.8","jdk8u482-b08_openj9-0.57.0"
"IBM.Semeru.8.JRE","ibmruntimes/semeru8-binaries","8.0.482.8","jdk8u482-b08_openj9-0.57.0"
"ibttf.InterviewCoder","ibttf/interview-coder","1.0.26","1.0.33"
"iDescriptor.iDescriptor","iDescriptor/iDescriptor","0.1.2","0.2.0"
"IDRIX.DirHash","idrassi/DirHash","1.26.1","DirHash_1.26.1"
"ImageOptim.gifski","ImageOptim/gifski","1.14.4","1.34.0"
"indiff.QTTabBar","indiff/qttabbar","1.5.6-beta.1","1.5.6.-beta.1"
"InfiniteRed.Reactotron","infinitered/reactotron","3.8.2","reactotron-react-native@5.1.18"
"InkStitch.InkStitch","inkstitch/inkstitch","3.0.1","3.2.2"
"input-leap.input-leap","input-leap/input-leap","3.0.2-release","3.0.3"
"Insco.FaFaRunner","fafarunner/fafarunner","2.5.6","2.6.1"
"Insco.PicGuard","picguard/picguard","5.0.5","5.2.0"
"Insco.PicGuard.Pro","picguard/picguard","5.0.5","5.2.0"
"Insomnia.Inso","Kong/insomnia","2023.5.8","core@12.3.1"
"Insomnia.Insomnia","Kong/insomnia","12.3.1","core@12.3.1"
"instaloader.instaloader","instaloader/instaloader","4.14.2","4.15"
"Intel.PresentMon.Beta","GameTechDev/PresentMon","0.6.0.0","2.4.1"
"Internxt.Drive","internxt/drive-desktop","2.5.5","2.6.5"
"InTheLoop.LoopEmail.Beta","4thOffice/loopinupdater","7.4.6","7.9.4"
"intxcc.pyaudio","intxcc/pyaudio_portaudio","0.2.11","1.1.1"
"ipinfo.ipinfo","ipinfo/cli","3.3.1","ipinfo-3.3.1"
"IridiumIO.CompactGUI","IridiumIO/CompactGUI","3.8.0","4.0.0-beta.6"
"IrineSistiana.mosdns","IrineSistiana/mosdns","5.3.3","5.3.4"
"ironfede.StructuredStorageXplorer","ironfede/openmcdf","2.3.1.0","3.1.0"
"IsWiX.IsWiX","iswix-llc/iswix","5.2.18","6.0.0"
"isaaclevin.presencelight","isaacrlevin/presencelight","5.9.2","Desktop-v5.9.2"
"ITDevTeam.UUPMediaCreator","gus33000/UUPMediaCreator","3.0.26.0","3.1.9.3"
"IvanCharapanau.Harbor","av/harbor","0.3.41","0.4.0"
"IvanIsCoding.celq","IvanIsCoding/celq","0.2.0","0.3.3"
"izantech.yup","izantech/yup","0.1.2","0.1.4"
"Jackbox.Utility","JackboxUtility/JackboxUtility","1.4.2+2","1.5.1"
"Jackett.Jackett","Jackett/Jackett","0.24.1066","0.24.1074"
"JackTrip.JackTrip","jacktrip/jacktrip","2.7.1.100","2.7.2"
"jaegertracing.jaeger","jaegertracing/jaeger","2.15.0","2.15.1"
"jamaljsr.Polar","jamaljsr/polar","3.3.0","4.0.0"
"JamesCJ60.Universalx86TuningUtility","JamesCJ60/Universal-x86-Tuning-Utility","2.3.2","2.5.6"
"JanDeDobbeleer.Aliae","JanDeDobbeleer/aliae","0.26.5","0.26.6"
"JanDeDobbeleer.OhMyPosh","JanDeDobbeleer/oh-my-posh","29.2.0","29.2.1"
"JanetLang.Janet","janet-lang/janet","1.38.0","1.40.1"
"jark006.jarkViewer","jark006/JarkViewer","1.31","1.32"
"jasko.480pownloader","pontojasko/jasko480paixador","2.4","oficial2"
"jasperapp.jasper","jasperapp/jasper","1.1.2","2.0.0"
"JavaLikeScript.LuaJLS","javalikescript/luajls","0.7.3","0.8.2"
"JayPrall.ColorCop","ColorCop/ColorCop","5.5.2","5.5.4"
"jdx.mise","jdx/mise","2026.2.7","2026.2.8"
"Jellyfin.FFmpeg","jellyfin/jellyfin-ffmpeg","7.1.2-4","7.1.3-1"
"jely2002.youtube-dl-gui","jely2002/youtube-dl-gui","3.1.1","app-v3.1.1"
"JeniusApps.Ambie","jenius-apps/ambie","4.10.5","4.10.15"
"JessicaDeneEarley-Cha.CatFunExtension","chatasweetie/CmdPalExtensions","0.0.2.0","RandomRiddle-v0.0.2.0"
"JessicaDeneEarley-Cha.CatPetExtension","chatasweetie/CmdPalExtensions","0.0.4.0","RandomRiddle-v0.0.2.0"
"JessicaDeneEarley-Cha.DrWhoQuotesCmdPalExtension","chatasweetie/CmdPalExtensionDrWhoQuotes","0.0.1.0","CmdPalExtensionDrWhoQuotes-v0.0.1.0"
"JessicaDeneEarley-Cha.RandomRiddleExtension","chatasweetie/CmdPalExtensions","0.0.2.0","RandomRiddle-v0.0.2.0"
"jftuga.less","jftuga/less-Windows","691","less-v692"
"JIAYOU.FSWT","epmpub/fswt","1.0.0.0","secondTag"
"JiriPolasek.ColorsforCommandPalette","jiripolasek/ColorsExtension","0.6.0","0.10.0"
"JiriPolasek.MediaControlsforCommandPalette","jiripolasek/MediaControlsExtension","0.4.0","0.10.0"
"joadoumie.NBACommandPaletteExtension","joadoumie/NBACmdPalExtension","0.0.1.0","NBAExtension-v0.0.1.1"
"JohannesMillan.superProductivity","johannesjo/super-productivity","17.1.3","17.1.5"
"JohannesPohl.UniversalRadioHacker","jopohl/urh","2.9.8","2.10.0"
"JohnMacFarlane.Pandoc","jgm/pandoc","3.8.3","3.9"
"joncampbell123.DOSBox-X","joncampbell123/dosbox-x","2026.01.02","dosbox-x-v2026.01.02"
"Joplin.Joplin.Pre-release","laurent22/joplin","3.2.10","3.5.12"
"JosephFinney.Text-Grab","TheJoeFin/Text-Grab","4.10.0-reissue","4.12.0"
"jousse.pomodorolm","vjousse/pomodorolm","0.8.0","app-v0.8.0"
"JoyHak.QuickSwitch","JoyHak/QuickSwitch","1.8","1.9"
"JPersson77.LGTVCompanion","JPersson77/LGTVCompanion","5.1.0","5.1.1"
"JPEXS.FFDec","jindrapetrik/jpexs-decompiler","24.1.1","ersion24.1.2"
"jqlang.jq","jqlang/jq","1.8.1","jq-1.8.1"
"JS8Call-improved.JS8Call-improved","JS8Call-improved/JS8Call-improved","2.5.2","release/2.5.2"
"jtroo.kanata_gui","jtroo/kanata","1.10.1","1.11.0"
"Jul13n1.ArcAgent","Jul13n1/arc-release","1.5.0","agent-v1.6.1"
"JulianAlarcon.ProspectMail","julian-alarcon/prospect-mail","0.5.4","1.2.0"
"jumppad.jumppad","jumppad-labs/jumppad","0.23.3","0.24.0"
"just-install.just-install","just-install/just-install","3.4.4","3.4.9"
"Justin025.OnTheSpot","justin025/onthespot","1.1.0","1.1.4"
"JvanKatwijk.Qt-DAB","JvanKatwijk/qt-dab","6.9.6","6.10"
"JvanKatwijk.Qt-DAB.Scalar","JvanKatwijk/qt-dab","6.9.6","6.10"
"Kaedei.Dandanplay","kaedei/dandanplay","16.5.0","windows-16.5.0.0"
"kagg886.Pixiv-MultiPlatform","magic-cucumber/Pixiv-MultiPlatform","1.8.2","1.8.3"
"Kajitsy.Emilia","Kajitsy/Emilia","3.2.1","3.2.3"
"Kanaries.Rath","Kanaries/Rath","1.0.0","2.1.0"
"kangfenmao.CherryStudio","CherryHQ/cherry-studio","1.7.16","1.7.17"
"katahiromz.RisohEditor","katahiromz/RisohEditor","5.8.1","5.9.4"
"KatKoyn.KatKoynCore","KatKoyn/katkoyn-client","2.4","2.4.0"
"kawaiiDango.pano-scrobbler","kawaiiDango/pano-scrobbler","4.26","426"
"kcl-lang.kcl","kcl-lang/cli","0.11.1","0.12.3"
"kevin.Astral","ldoubil/astral","2.1.20","2.7.1"
"KirillOsenkov.MSBuildStructuredLogViewer","KirillOsenkov/MSBuildStructuredLog","2.3.60","2.3.138"
"kisChang.ZenSSH","kisChang/ZenSSH","0.1.0","0.1.1"
"Kiwix.KiwixJS","kiwix/kiwix-js-pwa","3.7.8.0","3.8.4-WikiMed"
"Kiwix.KiwixJS.Electron","kiwix/kiwix-js-pwa","3.7.8-E","3.8.4-WikiMed"
"Kiwix.Wikivoyage","kiwix/kiwix-js-pwa","3.8.2.0","3.8.4-WikiMed"
"Kiwix.Wikivoyage.Electron","kiwix/kiwix-js-pwa","3.8.2-E","3.8.4-WikiMed"
"kkamegawa.lastexecrecord","kkamegawa/lastexecrecord","0.2.0","0.3.0"
"kmiya-culti.RLogin","kmiya-culti/RLogin","2.31.0","2.31.3"
"KorigamiK.mangu","KorigamiK/mangu","2.3.1","continuous_releases"
"Kotatogram.Kotatogram","kotatogram/kotatogram-desktop","1.4.8","k1.4.8"
"KRTirtho.Spotube","KRTirtho/spotube","4.0.0","5.1.0"
"ktsu.BlastMerge","ktsu-dev/BlastMerge","1.0.19","1.0.22-pre.6"
"Kubernetes.kustomize","kubernetes-sigs/kustomize","5.8.0","kustomize/v5.8.0"
"kubescape.kubescape","kubescape/kubescape","3.0.46","4.0.0"
"Kubetail.Kubetail","kubetail-org/kubetail","0.11.1","cli/v0.11.1"
"Kuingsmile.PicList","Kuingsmile/PicList","3.3.0","3.3.1"
"kvirc.KVIrc","kvirc/KVIrc","5.2.8","5.2.10"
"kylon.sharedown","kylon/Sharedown","5.3.4","rolling"
"kyverno.kyverno","kyverno/kyverno","1.13.4","1.17.0"
"LacyMorrow.CrossOver","lacymorrow/crossover","3.3.4","3.4.1"
"LadislavFoldyna.QLog","foldynl/QLog","0.47.1-0","0.48.0"
"lamquangminh.EVKey","lamquangminh/EVKey","5.0.1","Release"
"LANCommander.Launcher","LANCommander/LANCommander","1.1.5","2.0.0-rc4"
"LANCommander.Server","LANCommander/LANCommander","1.1.5","2.0.0-rc4"
"Lando.Lando","lando/core","3.24.3","3.26.2"
"LAVANJV.vecdigilib","VEC-CSE/setup-files-v1","1.0.0","winget-v1.0.0"
"Lean.Lean","leanprover/lean4","4.26.0","4.27.0"
"LeonardoZide.LeoCAD","leozide/leocad","23.03","25.09"
"lhvy.pipes-rs","lhvy/pipes-rs","1.6.3","1.6.4"
"LibreCAD.LibreCAD","LibreCAD/LibreCAD","2.2.1.2","2.2.1.3"
"lightspark.lightspark","lightspark/lightspark","0.8.6-git","0.9.0"
"LightZoneProject.LightZone","ktgw0316/LightZone","4.2.4","4.2.5"
"LinuxSuRen.HTTPdownloader","LinuxSuRen/http-downloader","0.0.89","0.0.99"
"LinwoodCloud.Butterfly","LinwoodDev/Butterfly","2.4.2","2.4.3"
"LinwoodCloud.Butterfly.Nightly","LinwoodDev/Butterfly","2.4.2-rc.1","2.4.3"
"LiriLiri.AYA","liriliri/aya","1.13.0","1.14.2"
"LiteXLTeam.LPM","lite-xl/lite-xl-plugin-manager","1.4.0","continuous"
"LiveSplit.LiveSplit","LiveSplit/LiveSplit","1.8.33","1.8.36"
"LlamaFarm.CLI","llama-farm/llamafarm","0.0.25","0.0.26"
"LLVM.ClangFormat","PolarGoose/clang-format-for-Windows","19.1.7","21.1.0"
"LLVM.LLVM","llvm/llvm-project","21.1.8","llvmorg-21.1.8"
"LobeHub.LobeHub","lobehub/lobehub","2.1.20","2.1.24"
"LongSoft.UEFIExtract","LongSoft/UEFITool","72-alpha","A73"
"LongSoft.UEFIFind","LongSoft/UEFITool","72-alpha","A73"
"LongSoft.UEFITool","LongSoft/UEFITool","72-alpha","A73"
"loonghao.msvc-kit","loonghao/msvc-kit","0.2.2","0.2.5"
"loonghao.vx","loonghao/vx","0.6.27","0.7.7"
"lordmulder.LameXP","lordmulder/LameXP","4.21","Release_421"
"LuaLS.lua-language-server","LuaLS/lua-language-server","3.16.4","3.17.1"
"LuantiTeam.Luanti","luanti-org/luanti","5.14.0","5.15.1"
"LuisPater.CLIProxyAPI","router-for-me/CLIProxyAPI","6.8.5","6.8.7"
"LukeBriggs.Pepys","LukeBriggsDev/Pepys","1.5.4","1.5.5"
"lukehaas.RunJS","lukehaas/RunJS","3.2.0","3.2.2"
"LumiOwO.LumiTracker","LumiOwO/LumiTracker","1.3.5","1.3.7"
"Lune.Lune","lune-org/lune","0.10.1","0.10.4"
"lycheeverse.lychee","lycheeverse/lychee","0.22.0","lychee-v0.22.0"
"LyonBros.Turtl","turtl/desktop","0.7.2.6","0.7.3"
"M336.MusicLibraryPlayer","M336G/music-library-player-app","1.0.0","1.0.1"
"madisvain.upcount","madisvain/upcount","0.8.3","2.0.0-beta.23"
"magic-wormhole.magic-wormhole","aquacash5/magic-wormhole-exe","0.22.0","0.22.0.1"
"mak448a.Qtcord","mak448a/Qtcord","0.0.21","0.0.23"
"MalloyDelacroix.DownloaderForReddit","MalloyDelacroix/DownloaderForReddit","3.16.1","3.17.1"
"Mandelbulber.Mandelbulber","buddhi1980/mandelbulber2","2.33","2.34"
"MarcoML.ml-player","marcomolinaleija/ml-player-releases","3.8.6","4.7.0"
"MarkJamesHoward.TGit","MarkJamesHoward/TGit","1.2.0","1.5.1"
"Marko19907.OLEDShift","Marko19907/OLEDShift","1.1.2","1.1.4"
"MartiCliment.UniGetUI","marticliment/UniGetUI","3.3.6","3.3.7"
"martinchrzan.ColorPicker","martinchrzan/ColorPicker","1.3.0","1.4.1"
"MartinStorsjo.LLVM-MinGW.MSVCRT","mstorsjo/llvm-mingw","21.1.8-20251216","20251216"
"MartinStorsjo.LLVM-MinGW.UCRT","mstorsjo/llvm-mingw","21.1.8-20251216","20251216"
"masaodev.quick-dash-launcher","masaodev/quick-dash-launcher","0.7.1","0.7.7"
"Mattermost.Focalboard","mattermost/focalboard","7.11.3","8.0.0"
"max-sixty.worktrunk","max-sixty/worktrunk","0.5.0","0.23.1"
"MaximumADHD.RobloxStudioModManager","MaximumADHD/Roblox-Studio-Mod-Manager","2025.12.10","2026.02.07"
"Maximus5.ConEmu","ConEmu/ConEmu","11.230.7240","23.07.24"
"maxrave-dev.SimpMusic","maxrave-dev/SimpMusic","1.0.2","1.0.3"
"mb21.panwriter","mb21/panwriter","0.8.9","0.8.10"
"mbuilov.sed","mbuilov/sed-windows","4.9","sed-4.9-x64-fixed"
"MCreator.MCreator","MCreator/MCreator","2025.1.13416","2025.3.45720"
"Melvin-Abraham.Google-Assistant.Preview","Melvin-Abraham/Google-Assistant-Unofficial-Desktop-Client","1.0.0-rc.2","1.1.0"
"mentebinaria.dz6","mentebinaria/dz6","0.4.1","0.4.2"
"mentebinaria.retoolkit","mentebinaria/retoolkit","2023.05","2025.04"
"mesonbuild.meson","mesonbuild/meson","1.9.1","1.10.1"
"MetaCubeX.Mihomo","MetaCubeX/mihomo","1.19.19","1.19.20"
"MetaCubeX.Mihomo.GOAMD64v1","MetaCubeX/mihomo","1.19.19","1.19.20"
"MetalBear.mirrord","metalbear-co/mirrord","3.174.0","3.187.0"
"MichaelJolley.RandomDadJokesForCmdPal","michaeljolley/CmdPalExtensions","0.2.0","facts/v0.2.0"
"MichaelJolley.RandomFactsForCmdPal","michaeljolley/CmdPalExtensions","0.2.0","facts/v0.2.0"
"MichalDuda.VookiImageViewer","vookimedlo/vooki-image-viewer","25.11.30","2025.11.30"
"MicheleLocati.GettextIconv","mlocati/gettext-iconv-windows","0.26+1.17","1.0-v1.18-r2"
"Microsoft.AppInstallerFileBuilder","microsoft/MSIX-Toolkit","1.2020.221.0","2.0"
"Microsoft.Azd","Azure/azure-dev","1.23.400","azure-dev-cli_1.23.3"
"Microsoft.Azure.aks-engine-azurestack","Azure/aks-engine-azurestack","0.80.3","release-v0.84.1"
"Microsoft.Azure.Az","Azure/azure-powershell","15.2.0.40510","15.3.0-February2026"
"Microsoft.Azure.Aztfy","Azure/aztfy","0.10.0","0.19.0"
"Microsoft.Azure.CloudHSM-ClientSDK","microsoft/MicrosoftAzureCloudHSM","2.0.2.2","AzureCloudHSM-ClientSDK-2.0.2.3"
"Microsoft.Azure.IoTExplorer","Azure/azure-iot-explorer","0.15.12","0.15.13"
"Microsoft.Azure.TemplateAnalyzer","Azure/template-analyzer","0.8.5","0.8.6"
"Microsoft.DirectX.Mesh","microsoft/DirectXMesh","2025.10.28.1","oct2025"
"Microsoft.DirectX.ToolKit.MakeSpriteFont","microsoft/DirectXTK","2025.10.28.2","oct2025"
"Microsoft.DirectX.ToolKit.XWBTool","microsoft/DirectXTK","2025.10.28.2","oct2025"
"Microsoft.DirectXTex.Texassemble","microsoft/DirectXTex","2025.7.10","oct2025"
"Microsoft.DirectXTex.Texconv","microsoft/DirectXTex","2025.7.10","oct2025"
"Microsoft.DirectXTex.Texdiag","microsoft/DirectXTex","2025.7.10","oct2025"
"Microsoft.EventLogExpert","microsoft/EventLogExpert","25.12.11.1105","26.1.9.1322"
"Microsoft.Gaming.GDK","microsoft/GDK","2510.1.6224","October-2025-Update-1-v2510.1.6224"
"Microsoft.Gaming.GDK.XboxGamePackageManager","microsoft/PackageUploader","3.1.7","3.1.8"
"Microsoft.Gaming.RemoteIterationClient","microsoft/GDK","0.0.6-Preview","October-2025-Update-1-v2510.1.6224"
"Microsoft.Gaming.RemoteIterationEndpoint","microsoft/GDK","0.0.6-Preview","October-2025-Update-1-v2510.1.6224"
"Microsoft.Gaming.TAK.CLI","microsoft/xbox-game-streaming-tools","11.36.0","tak-cli-v11.36.0"
"Microsoft.Garnet.DN8","microsoft/garnet","1.0.83","1.0.97"
"Microsoft.Garnet.DN9","microsoft/garnet","1.0.83","1.0.97"
"Microsoft.Git","microsoft/git","2.52.0.0.5","2.52.0.vfs.0.5"
"Microsoft.HIDTools.Waratah","microsoft/hidtools","1.90","Waratah-v1.90"
"Microsoft.IronPython.2","IronLanguages/ironpython2","2.7.12.1000","ipy-2.7.12"
"Microsoft.M365AgentsPlayground","OfficeDev/microsoft-365-agents-toolkit","0.2.22","ms-teams-vscode-extension@6.4.3"
"Microsoft.MSIXCore","microsoft/msix-packaging","1.2.0.0","MSIX-Core-1.2-release"
"Microsoft.OpenAPI.Hidi","microsoft/OpenAPI.NET","3.1.2.0","3.3.1"
"Microsoft.quicreach","microsoft/quicreach","1.3.0","1.5.0"
"Microsoft.UI.Xaml.2.7","microsoft/microsoft-ui-xaml","7.2208.15002.0","winui3/release/1.8.4"
"Microsoft.UI.Xaml.2.8","microsoft/microsoft-ui-xaml","8.2310.30001.0","winui3/release/1.8.4"
"Microsoft.WindowsBusesTracing","microsoft/busiotools","1.0.0","bt1.0.0"
"Microsoft.WindowsMIDIServicesSDK","microsoft/MIDI","1.0.14-rc.1.209","enablement-checker"
"Midry.hato","midry3/hato","1.1.0","1.2.0"
"Mihomo-Party.Mihomo-Party","mihomo-party-org/clash-party","1.9.0","1.9.1"
"mikf.gallery-dl","mikf/gallery-dl","1.31.5","1.31.6"
"mikf.gallery-dl.Nightly","gdl-org/builds","2026.02.07","2026.02.08"
"Miller.Miller","johnkerl/miller","6.13.0","6.16.0"
"Mingo.Mingo","mingo-app/mingo","1.14.1","2025.12.0"
"MiniantGit.REAL","miniant-git/REAL","0.2.0","updater-v2"
"MLMGames.Imagot","mlm-games/imagot","0.2.8","0.2.18"
"MLMGames.Pomodorot","mlm-games/pomodorot","0.13.1","0.13.2"
"MLMGames.VeloDown","mlm-games/velodown","0.2.12","0.3.12"
"mlocati.GetText","mlocati/gettext-iconv-windows","0.25","1.0-v1.18-r2"
"mmanela.markdownoutlook","mmanela/MarkdownOutlook","1.0.0","1.2.0"
"mmvanheusden.SteamDepotDownloaderGUI","mmvanheusden/SteamDepotDownloaderGUI","3.0.1","3.2.0"
"MoeruAI.AIRI","moeru-ai/airi","0.8.2","0.8.4"
"moi-si.lumine","moi-si/lumine","0.2.1","0.3.0"
"MojtabaTajik.WSBBuilder","MojtabaTajik/WSBBuilder","1.0.0.28","10.0.0.28"
"molenzwiebel.Deceive","molenzwiebel/Deceive","1.15.0","1.16.0"
"Momento.cli","momentohq/momento-cli","0.46.0","0.50.0"
"moneymanagerex.moneymanagerex","moneymanagerex/moneymanagerex","1.9.0","1.9.2"
"MongoDB.Compass.Community","mongodb-js/compass","1.41.0","1.49.1"
"MonoGame.MonoGame","MonoGame/MonoGame","3.7.1.189","3.8.4.1"
"monsterkodi.clippo","monsterkodi/clippo","1.35.0","1.40.0"
"MorganZWest.HSEmulate","morganzwest/hsemulator","0.4.0","0.4.1"
"mostlygeek.llama-swap","mostlygeek/llama-swap","189","190"
